{
  "Baseline CH45": {
    "net": 2304473.9000000004,
    "n": 585,
    "wr": 0.4393162393162393
  },
  "Dynamic CH by Month (avg=52)": {
    "net": 4597968.1,
    "n": 585,
    "wr": 0.4495726495726496
  },
  "Dynamic CH by Cluster (avg=55)": {
    "net": 9369789.5,
    "n": 585,
    "wr": 0.48547008547008547
  },
  "CF(XGB,>40%)": {
    "net": 2198055.7000000016,
    "n": 464,
    "wr": 0.46120689655172414
  },
  "CF(Ensemble,>40%)": {
    "net": 1735060.5000000007,
    "n": 468,
    "wr": 0.4444444444444444
  },
  "CF(Meta,>40%)": {
    "net": 1845430.6000000006,
    "n": 329,
    "wr": 0.46808510638297873
  },
  "CF(XGB,>45%)": {
    "net": 2188660.7000000007,
    "n": 372,
    "wr": 0.47043010752688175
  },
  "CF(Ensemble,>45%)": {
    "net": 1656003.6999999995,
    "n": 377,
    "wr": 0.4562334217506631
  },
  "CF(Meta,>45%)": {
    "net": 1964113.2000000014,
    "n": 306,
    "wr": 0.4803921568627451
  },
  "CF(XGB,>50%)": {
    "net": 2500525.3000000017,
    "n": 299,
    "wr": 0.5016722408026756
  },
  "CF(Ensemble,>50%)": {
    "net": 1786856.6999999997,
    "n": 291,
    "wr": 0.47766323024054985
  },
  "CF(Meta,>50%)": {
    "net": 1998531.0000000002,
    "n": 286,
    "wr": 0.4825174825174825
  },
  "CF(XGB,>55%)": {
    "net": 1937829.4999999995,
    "n": 190,
    "wr": 0.5157894736842106
  },
  "CF(Ensemble,>55%)": {
    "net": 1401698.799999999,
    "n": 183,
    "wr": 0.4972677595628415
  },
  "CF(Meta,>55%)": {
    "net": 2089586.6999999997,
    "n": 266,
    "wr": 0.4924812030075188
  },
  "CF(XGB,>60%)": {
    "net": 550433.0999999999,
    "n": 67,
    "wr": 0.4626865671641791
  },
  "CF(Ensemble,>60%)": {
    "net": 817208.2999999998,
    "n": 69,
    "wr": 0.5507246376811594
  },
  "CF(Meta,>60%)": {
    "net": 1870537.9000000004,
    "n": 243,
    "wr": 0.49382716049382713
  },
  "Skip months [1, 9, 12]": {
    "net": 3699005.1,
    "n": 427,
    "wr": 0.48711943793911006
  },
  "Skip hour 15": {
    "net": 2576446.9,
    "n": 543,
    "wr": 0.4530386740331492
  },
  "StreakSkip(4+)": {
    "net": 3330194.7000000034,
    "n": 585,
    "wr": 0.4170940170940171
  },
  "Filter(Month+Hour+CF)": {
    "net": 2049837.9999999998,
    "n": 228,
    "wr": 0.5043859649122807
  },
  "DynCH(Month)+Filter": {
    "net": 8331399.0,
    "n": 403,
    "wr": 0.5632754342431762
  },
  "DynCH(Cluster)+Filter": {
    "net": 8421457.2,
    "n": 403,
    "wr": 0.5409429280397022
  }
}